,model,MAE,R²
likes,XGBoost,232.9915771484375,-0.018550184988557206
comments,XGBoost,7.529280662536621,-0.017186890118946918
shares,XGBoost,12.140820503234863,-0.020974894490152662
reach,XGBoost,3503.537353515625,-0.01816856861114502
impressions,XGBoost,4778.8720703125,-0.020452380180358887
